"category","name","scientific_name","replicate","weight_kg","speed_km_hr","metabolic_rate_kcal_per_kg_hr","cost_of_transport_kcal_per_kg_km","reference","notes","source","display_name","dubious","exemplar"
"flyer","Fruit fly","Drosophila","1","2e-06","7.4","104","14.0540540540541","Vogel, 1965; Weis-Fogh, 1952","","Tucker 1970 Table 1","Fruit fly","0","1"
"flyer","Fruit fly","Drosophila","2","9e-07","4.7","65","13.8297872340426","Hocking, 1953","Second Drosophila entry as laid out in Tucker Table 1","Tucker 1970 Table 1","Fruit fly","0","0"
"flyer","Black-fly","Simulium","1","2.5e-06","4.3","73.5","17.093023255814","Hocking, 1953","","Tucker 1970 Table 1","Black fly","0","1"
"flyer","Black-fly","Simulium","2","2.1e-06","8.8","234","26.5909090909091","Hocking, 1953","Second Simulium entry as laid out in Tucker Table 1","Tucker 1970 Table 1","Black fly","0","0"
"flyer","Mosquito","Aedes","1","3.2e-06","2.5","47.2","18.88","Hocking, 1953","","Tucker 1970 Table 1","Mosquito","0","1"
"flyer","Mosquito","Aedes","2","8.2e-06","3.2","112","35","Hocking, 1953","Second Aedes entry as laid out in Tucker Table 1","Tucker 1970 Table 1","Mosquito","0","0"
"flyer","Blow fly","Lucilia","1","3e-05","30","450","15","Weis-Fogh, 1952","","Tucker 1970 Table 1","Blow fly","0","1"
"flyer","Honey bee","Apis","1","1e-04","30","450","15","Weis-Fogh, 1952","","Tucker 1970 Table 1","Honey bee","0","1"
"flyer","Honey bee","Apis","2","1e-04","7.9","142","17.9746835443038","Hocking, 1953","Second Apis entry as laid out in Tucker Table 1","Tucker 1970 Table 1","Honey bee","0","0"
"flyer","Horse fly","Tabanus","1","6.2e-05","9.1","177","19.4505494505495","Hocking, 1953","","Tucker 1970 Table 1","Horse fly","0","0"
"flyer","Horse fly","Tabanus","2","0.000162","7.2","69.3","9.625","Hocking, 1953","Second Tabanus entry as laid out in Tucker Table 1","Tucker 1970 Table 1","Horse fly","0","1"
"flyer","Desert locust","Schistocerca","1","0.002","15","75","5","Weis-Fogh, 1952","OCR in parsed text looked like -a; interpreted from table context as 10^-3","Tucker 1970 Table 1","Desert locust","0","1"
"flyer","Hummingbird","Calypte","1","0.003","49","197","4.02040816326531","Lasiewski, 1963","Speed assumed; metabolic rate measured while hovering","Tucker 1970 Table 1","Hummingbird","0","1"
"flyer","Budgerigar","Melopsittacus","1","0.035","35","102","2.91428571428571","Tucker, 1968","","Tucker 1970 Table 1","Budgerigar","0","1"
"flyer","Laughing Gull","Larus","1","0.31","31","44.9","1.44838709677419","Tucker, 1969","","Tucker 1970 Table 1","Laughing gull","0","1"
"flyer","Pigeon","Columba","1","0.384","58","55.1","0.95","LeFebvre, 1964","","Tucker 1970 Table 1","Pigeon","0","1"
"walker_runner","Mouse","Microtus","1","0.018","0.54","50.7","93.8888888888889","Jansky, 1959b","","Tucker 1970 Table 1","Mouse","0","0"
"walker_runner","Mouse","Clethrionomys","1","0.018","0.37","27.1","73.2432432432432","Jansky, 1959b","","Tucker 1970 Table 1","Mouse","0","0"
"walker_runner","Mouse","Peromyscus","1","0.023","1.08","37.8","35","Hart & Heroux, 1954","","Tucker 1970 Table 1","Mouse","0","1"
"walker_runner","Mouse","Mus","1","0.024","0.56","27.4","48.9285714285714","Jansky, 1959a","","Tucker 1970 Table 1","Mouse","0","0"
"walker_runner","Mouse","Mus","2","0.027","0.67","28.6","42.6865671641791","Hart, 1950","","Tucker 1970 Table 1","Mouse","0","0"
"walker_runner","Lemming","Dicrostonyx","1","0.061","1.54","63","40.9090909090909","Hart & Heroux, 1955","","Tucker 1970 Table 1","Lemming","0","1"
"walker_runner","Kangaroo rat","Dipodomys","1","0.1","2.1","19.3","9.19047619047619","Taylor & Schmidt-Nielsen, 1969, and personal communication","","Tucker 1970 Table 1","Kangaroo rat","0","1"
"walker_runner","Ground squirrel","Citellus","1","0.198","2.8","15.2","5.42857142857143","Taylor & Schmidt-Nielsen, 1969, and personal communication","","Tucker 1970 Table 1","Ground squirrel","0","1"
"walker_runner","Rat","Rattus","1","0.397","2.1","18","8.57142857142857","Taylor & Schmidt-Nielsen, 1969, and personal communication","","Tucker 1970 Table 1","Rat","0","1"
"walker_runner","Rat","Rattus","2","0.25","1.08","16.2","15","Hart & Jansky, 1963","","Tucker 1970 Table 1","Rat","0","0"
"walker_runner","Lizard","Iguana","1","0.9","0.37","2.31","6.24324324324324","Moberly, 1968","","Tucker 1970 Table 1","Lizard","0","1"
"walker_runner","Rabbit","","1","2.54","2.1","10","4.76190476190476","Hart & Heroux, 1955","","Tucker 1970 Table 1","Rabbit","0","1"
"walker_runner","Dog","","1","10.7","5.84","7.94","1.35958904109589","Dill, 1963","","Tucker 1970 Table 1","Dog","0","1"
"walker_runner","Sheep","","1","30","2.88","2.88","1","Blaxter, 1962; Clapperton, 1961","","Tucker 1970 Table 1","Sheep","0","1"
"walker_runner","Man","Homo sapiens","1","70","5.62","4.12","0.733096085409253","Henry, 1953","","Tucker 1970 Table 1","Man (walking)","0","1"
"walker_runner","Man","Homo sapiens","2","70","5.58","4.06","0.727598566308244","Dill, 1965","","Tucker 1970 Table 1","Man (walking)","0","0"
"walker_runner","Pony","","1","270","0.354","2.22","6.27118644067797","Brody, 1945","","Tucker 1970 Table 1","Pony","0","1"
"walker_runner","Colt","","1","477","3.54","2.43","0.686440677966102","Brody, 1945","Young horse; same gait family as Horse (Brody 1945); exemplar = Horse","Tucker 1970 Table 1","Colt","0","0"
"walker_runner","Cattle","","1","656","3.54","2.9","0.819209039548023","Brody, 1945","Tucker table: Cattle; plot label uses common name Cow","Tucker 1970 Table 1","Cow","0","1"
"walker_runner","Horse","","1","707","5","2.61","0.522","Brody, 1945","","Tucker 1970 Table 1","Horse","0","1"
"vehicle","Cherokee airplane","","1","978","200","240","1.2","Stanfield, 1967","","Tucker 1970 Table 1","Cherokee","0","1"
"vehicle","Volkswagen automobile","","1","1010","81.2","59.6","0.733990147783251","D'Angelo, 1968","","Tucker 1970 Table 1","VW Beetle","0","1"
"vehicle","Cadillac automobile","","1","2210","119","98.3","0.826050420168067","D'Angelo, 1968","","Tucker 1970 Table 1","Cadillac","0","1"
"vehicle","Sikorsky S62 helicopter","","1","3590","148","524","3.54054054054054","Stanfield, 1967","Table OCR showed $62; normalized to S62","Tucker 1970 Table 1","Sikorsky S62","0","1"
"vehicle","Grand Commander airplane","","1","3860","371","308","0.830188679245283","Stanfield, 1967","","Tucker 1970 Table 1","Grand Commander","0","1"
"vehicle","F105F jet fighter","","1","17200","1150","1750","1.52173913043478","Taylor, 1968","","Tucker 1970 Table 1","F-105 fighter","0","1"
"vehicle","DC 9-10 jet transport","","1","41300","879","566","0.64391353811149","Stanfield, 1967","","Tucker 1970 Table 1","DC-9","0","1"
"vehicle","DC 8 jet transport","","1","107000","965","550","0.569948186528497","Taylor, 1968","","Tucker 1970 Table 1","DC-8","0","1"
"swimmer","Sockeye salmon","Oncorhynchus nerka","1","0.048","NA","NA","NA","Brett, 1963","Weight from Tucker 1970 text (5°C); speed and metabolic rate need Brett 1963 Trans R Soc Can Vol1(4):441-457 to extract","Tucker 1970 text","Sockeye salmon","0","1"
"swimmer","European eel","Anguilla anguilla","1","0.248","2.34","0.77","0.329","Holmberg & Saunders cited in Schmidt-Nielsen 1972","Silver eel; 65 cm/s is high end of tested range where CoT is lowest (0.329); metabolic_rate inferred as CoT × speed","Schmidt-Nielsen 1972","European eel","0","1"
"swimmer","European eel","Anguilla anguilla","2","0.238","1.26","0.525","0.417","Holmberg & Saunders cited in Schmidt-Nielsen 1972","Green eel; 35 cm/s low end of tested range; CoT 0.417; metabolic_rate inferred; anguilliform vs carangiform propulsion — similar CoT","Schmidt-Nielsen 1972","European eel","0","0"
"swimmer","Pacific bluefin tuna (juvenile)","Thunnus orientalis","1","8.25","1.48","0.777","0.525","Blank et al., 2007","Minimum O2 = 222 mg O2/kg/hr at 0.75-1.0 BL/s; body length ~47 cm assumed; endothermic — high basal rate elevates metabolic CoT despite superb hydrodynamics","Blank et al. 2007","Bluefin tuna","0","1"
"swimmer","Yellowfin tuna (juvenile)","Thunnus albacares","1","5.55","0.98","0.574","0.586","Blank et al., 2007","Minimum O2 = 164 mg O2/kg/hr at 0.65 BL/s; body length ~42 cm assumed; endothermic; metabolic CoT comparable to or higher than ectothermic fish of similar size","Blank et al. 2007","Yellowfin tuna","0","1"
"vehicle","Human on bicycle (touring)","Homo sapiens","1","87","36.2","16.5514","0.4573","Whitt, 1971","Touring cyclist: 83 kg with machine; 66 kg rider; 5.5 sq ft frontal area; 50 psi tyres; 0.5 hp; total metabolic 24 kcal/min; weight_kg=70+17 kg (reference person + Whitt touring machine mass 83-66); met and CoT rescaled from prior per-70-kg row","Whitt 1971 Table 1","Bicycle (touring)","0","0"
"vehicle","Human on bicycle (touring)","Homo sapiens","2","87","33.8","13.448","0.3978","Whitt, 1971","Touring cyclist; 0.4 hp; total metabolic 19.5 kcal/min; weight_kg=70+17 kg; met and CoT rescaled from prior per-70-kg row","Whitt 1971 Table 1","Bicycle (touring)","0","0"
"vehicle","Human on bicycle (touring)","Homo sapiens","3","87","29.8","10.3447","0.3471","Whitt, 1971","Touring cyclist; 0.3 hp; total metabolic 15 kcal/min; weight_kg=70+17 kg; met and CoT rescaled from prior per-70-kg row","Whitt 1971 Table 1","Bicycle (touring)","0","0"
"vehicle","Human on bicycle (touring)","Homo sapiens","4","87","25.7","7.2414","0.2818","Whitt, 1971","Touring cyclist; 0.2 hp; total metabolic 10.5 kcal/min; weight_kg=70+17 kg; met and CoT rescaled from prior per-70-kg row","Whitt 1971 Table 1","Bicycle (touring)","0","0"
"vehicle","Human on bicycle (touring)","Homo sapiens","5","87","19.3","4.138","0.2145","Whitt, 1971","Touring cyclist; 0.1 hp; total metabolic 6 kcal/min; weight_kg=70+17 kg; met and CoT rescaled from prior per-70-kg row","Whitt 1971 Table 1","Bicycle (touring)","0","0"
"vehicle","Human on bicycle (touring)","Homo sapiens","6","87","13.4","2.586","0.193","Whitt, 1971","Touring cyclist; 0.05 hp; total metabolic 3.75 kcal/min; near minimum CoT; weight_kg=70+17 kg; met and CoT rescaled from prior per-70-kg row","Whitt 1971 Table 1","Bicycle (touring)","0","0"
"vehicle","Human on bicycle (touring)","Homo sapiens","7","87","9.7","1.827","0.1884","Whitt, 1971","Touring cyclist; 0.025 hp; total metabolic 2.65 kcal/min; minimum total CoT in table; weight_kg=70+17 kg (reference person + Whitt touring machine); met and CoT rescaled from 83 kg system row","Whitt 1971 Table 1","Bicycle (touring)","0","1"
"vehicle","Human on bicycle (touring)","Homo sapiens","8","87","2.9","1.3107","0.4519","Whitt, 1971","Touring cyclist; 0.008 hp; total metabolic 1.9 kcal/min; CoT rises at very low speed; weight_kg=70+17 kg; met and CoT rescaled from prior per-70-kg row","Whitt 1971 Table 1","Bicycle (touring)","0","0"
"vehicle","Human on bicycle (racing)","Homo sapiens","1","77","24.1","3.2864","0.1364","Wilson, 1973","Racing position; ~3.65 sq ft frontal area; Wilson's estimate from Whitt 1971; the iconic point added to Tucker's figure in Scientific American; weight_kg=70+7 kg (reference person + ~7 kg racing bicycle); met and CoT rescaled from rider-only 70 kg row; exemplar=0 (duplicate modality vs touring bicycle—single Bicycle point on figures uses touring exemplar)","Wilson 1973 citing Whitt 1971","Bicycle (racing)","0","0"
"vehicle","Velomobile","Homo sapiens","1","85","25","2.868","0.1147","van de Walle / physics model","weight_kg=70+15 kg (reference person + velomobile shell); CdA=0.12 m² (typical recumbent fairing); Crr=0.004; 23.6% gross efficiency (Whitt); at minimum-CoT speed ~25 km/h; typical modern velomobile e.g. WAW or Alleweder; met and CoT per kg rescaled from same total power as prior 70 kg row","Engineering model (Whitt 1971 efficiency; velomobile aerodynamics literature)","Velomobile","0","1"
"vehicle","Velomobile","Homo sapiens","2","85","30","3.8385","0.128","van de Walle / physics model","At 30 km/h; CdA=0.12 m²; Crr=0.004; aero drag rising; CoT slightly above minimum; at higher speeds velomobile advantage over bicycle grows dramatically; weight_kg=70+15 kg; met and CoT rescaled from prior 70 kg row","Engineering model (Whitt 1971 efficiency; velomobile aerodynamics literature)","Velomobile","0","0"
"vehicle","Cross-country skiing (skating)","Homo sapiens","1","73","13.1","7.019","0.5358","Formenti et al., 2005","Modern skating-technique ski (2004 model); net CoT=1.917 J/kg/m (Table 1); at 'migration' speed (7 W/kg net; 7-8 h sustainable); gross adds standing rest 1.163 W/kg; Vuokatti climate-controlled ski tunnel; non-elite subjects; weight_kg=70+3 kg (reference person + skis/boots/poles; matches ~73 kg subjects)","Formenti et al. 2005 Proc R Soc B 272:1561","XC skiing (skate)","0","0"
"vehicle","Cross-country skiing (skating)","Homo sapiens","2","73","16.9","8.742","0.5173","Formenti et al., 2005","Skating technique; at 'hunting' speed (9 W/kg net; 3-4 h sustainable); net CoT speed-independent (like running); gross CoT falls slightly with speed; weight_kg=70+3 kg","Formenti et al. 2005 Proc R Soc B 272:1561","XC skiing (skate)","0","0"
"vehicle","Cross-country skiing (classical)","Homo sapiens","1","73","12","7.019","0.5849","Formenti et al., 2005","Modern diagonal-stride ski (2004 DS model); net CoT=2.106 J/kg/m (Table 1); at 'migration' speed; classical technique ~10% more expensive than skating technique; weight_kg=70+3 kg","Formenti et al. 2005 Proc R Soc B 272:1561","XC skiing (classic)","0","0"
"vehicle","Cross-country skiing (classical)","Homo sapiens","2","73","15.4","8.742","0.5676","Formenti et al., 2005","Classical diagonal-stride; at 'hunting' speed (9 W/kg net); both XC techniques ~25-30% cheaper per km than running; modern skiing cost ≈ optimum walking (paper conclusion); weight_kg=70+3 kg","Formenti et al. 2005 Proc R Soc B 272:1561","XC skiing","0","1"
"vehicle","Inline skating","Homo sapiens","1","72","14.5","7.8653","0.5424","Wallick et al., 1995","Recreational inline skating at 14.5 km/h; VO2=26.7 ml/kg/min (×0.303=8.09 kcal/kg/hr); near minimum-CoT speed; flat asphalt; no drafting; comparable to walking efficiency; weight_kg=70+2 kg (skates/gear); met and CoT rescaled from 70 kg row","Wallick et al. 1995 Med Sci Sports Exerc 27:242","Inline skating","0","1"
"vehicle","Inline skating","Homo sapiens","2","72","21.7","12.3725","0.5703","Melanson et al., 1996","Inline skating at 21.7 km/h; VO2=42.0 ml/kg/min; CoT rises above minimum at this speed; always within ~15% of walking CoT across typical skating speeds; weight_kg=70+2 kg; met and CoT rescaled from 70 kg row","Melanson et al. 1996","Inline skating","0","0"
"swimmer","Human (front crawl)","Homo sapiens","1","70","3.6","7.371","2.0475","Pendergast et al., 1978","Front crawl at 1.0 m/s (3.6 km/h); gross energy cost ≈600 J/m for ~70 kg swimmer; near minimum CoT for front crawl; ~3× more expensive than walking; humans are poor swimmers","Pendergast et al. 1978 J Appl Physiol 44:475","Human swimming","0","1"
"swimmer","Human (front crawl)","Homo sapiens","2","70","4.32","10.319","2.3886","Pendergast et al., 1978","Front crawl at 1.2 m/s (competitive training pace); gross energy ≈700 J/m; CoT rises with speed due to drag; ~25× more expensive per km than bicycle; human propulsive efficiency ~25% vs fish ~80%","Pendergast et al. 1978 J Appl Physiol 44:475","Human swimming","0","0"
"vehicle","Ice speed skating","Homo sapiens","1","72","20","7.3646","0.3683","di Prampero et al., 1976","Speed skating at 20 km/h; VO2 est. ~25 ml/kg/min; ice μ≈0.003 (10× lower than road tyre); near minimum CoT speed; significantly better than inline skating (0.56) due to far lower friction; weight_kg=70+2 kg (boots/blades); met and CoT rescaled from 70 kg row","di Prampero et al. 1976 J Appl Physiol 40:584","Speed skating","0","0"
"vehicle","Ice speed skating","Homo sapiens","2","72","30","10.3104","0.3437","di Prampero et al., 1976","At 30 km/h; VO2 est. ~35 ml/kg/min; CoT near minimum for ice skating; combines low friction with efficient gliding stride mechanics; weight_kg=70+2 kg; met and CoT rescaled from 70 kg row","di Prampero et al. 1976 J Appl Physiol 40:584","Speed skating","0","1"
"vehicle","Rowing (single scull)","Homo sapiens","1","75","12","8.484","0.707","Secher, 1993","Single scull at 12 km/h; VO2 est. ~28 ml/kg/min; moderate training pace; wave drag + body oscillation overhead makes rowing expensive per km; comparable to walking; weight_kg=70+5 kg (reference person + shell/oars)","Secher 1993 Eur J Appl Physiol","Rowing","0","1"
"vehicle","Rowing (single scull)","Homo sapiens","2","75","15","11.514","0.7676","Secher, 1993","At 15 km/h; VO2 est. ~38 ml/kg/min; CoT rises with speed; surface wave drag ∝v³; despite looking fast and fluid CoT similar to walking per km; weight_kg=70+5 kg","Secher 1993 Eur J Appl Physiol","Rowing","0","0"
"vehicle","Kayak (K1)","Homo sapiens","1","75","8","6.666","0.8333","Tesch et al., 1976","K1 kayak at slow touring pace 8 km/h; VO2 est. ~22 ml/kg/min; arm-muscle-dominated propulsion (gross efficiency ~12-15% vs ~23% for legs); wave drag even at low speed; weight_kg=70+5 kg (reference person + K1 hull/paddle)","Tesch et al. 1976 Med Sci Sports Exerc","Kayak","0","1"
"vehicle","Kayak (K1)","Homo sapiens","2","75","11.7","16.059","1.3726","Tesch et al., 1976","At ~1000m race pace (3.25 m/s = 11.7 km/h); VO2 ~53 ml/kg/min (Tesch 1983: 4.67 L/min at race pace); near VO2max; wave drag + arm inefficiency makes kayak costly per km at racing speed; weight_kg=70+5 kg","Tesch et al. 1976 / Tesch 1983 Med Sci Sports Exerc","Kayak","0","0"
"vehicle","Boeing 787-9 Dreamliner","","1","254700","880","227.5","0.2585","Boeing / GEnx engine data","MTOW 254,700 kg; economic cruise 880 km/h (Mach 0.83) at 11,000 m; fuel flow 5,614 kg/hr (verified); Jet-A LHV 10,320 kcal/kg; GEnx-1B70/P2 × 2; 2.2× more fuel-efficient per kg than DC-8 era","Boeing 787-9 performance specification","Boeing 787","0","1"
"vehicle","Airbus A350-900","","1","280000","903","202","0.2238","Airbus / Trent XWB data","MTOW 280,000 kg; cruise 903 km/h (Mach 0.85); fuel flow est. ~5,500 kg/hr; Trent XWB-84 × 2; ~10% more efficient per unit mass than 787-9; most fuel-efficient widebody in production 2020s","Airbus A350-900 specification / ICAO fuel data","Airbus A350","0","1"
"vehicle","Paraglider (EN-C class)","Homo sapiens","1","90","38","9.37","0.2466","Glider polar data","Total mass 90 kg (75 kg pilot + 15 kg harness + wing); L/D≈10.5:1 at best-glide 38 km/h; CoT from gravitational PE loss (sink 1.005 m/s → 8.48 kcal/kg/hr) + pilot resting (0.89); thermalling gives effectively zero net CoT","EN-C paraglider performance polar","Paraglider","1","1"
"vehicle","Hang glider (rigid wing)","Homo sapiens","1","90","55","9.49","0.1726","Hang glider performance data","Total mass 90 kg; modern rigid-wing L/D≈15:1 at best-glide 55 km/h; sink 1.019 m/s → gravity power 8.60 kcal/kg/hr + pilot resting 0.89; approaches racing bicycle efficiency","Rigid hang glider performance specification","Hang glider","1","1"
"vehicle","Daedalus 88 (human-powered)","Homo sapiens","1","102","29.4","8.3506","0.2841","Drela et al. / MIT 1988","Record flight 104 kg (32 kg aircraft + 72 kg pilot Kanellopoulos); for cross-mode comparison weight_kg=70+32 kg (reference person + same airframe mass); total metabolic power rescaled from 104 kg row; 115 km Crete→Santorini in 3h55m; pilot output ~215 W; still less efficient than cycling due to lift cost","Drela et al. 1988 MIT / Kanellopoulos 1988","Daedalus 88","0","1"
"swimmer","Bottlenose dolphin","Tursiops truncatus","1","150","7.56","2.328","0.3079","Williams et al., 1993","Minimum CoT = 1.29 J/kg/m at 2.1 m/s (direct respirometry on trained dolphins); endothermic yet efficient due to streamlined fusiform body and oscillatory caudal propulsion; wave-riding can halve this cost; 8-12× more efficient than human swimmers","Williams et al. 1993 J Exp Biol 179:31","Dolphin","0","1"
"swimmer","Killer whale (orca)","Orcinus orca","1","5000","10.1","1.581","0.1566","Williams & Noren, 2009","Optimal speed 2.6-3.0 m/s (field respiration rates in N. resident killer whales); min CoT approaches allometric prediction COT_TOT = 7.79 × m^-0.29 (Williams 1999); observed average speed 1.6 m/s lower than optimal — whales don't always minimise cost","Williams & Noren 2009 Marine Mammal Sci; Williams 1999 Phil Trans R Soc B 354:193","Orca","0","1"
"swimmer","Humpback whale","Megaptera novaeangliae","1","35000","7.2","0.6454","0.0896","Williams, 1999","Allometric estimate: COT_TOT = 7.79 × 35000^-0.29 = 0.375 J/kg/m; cruise ~2 m/s; large body size reduces mass-specific CoT; swimming specialists (dolphins to large whales) follow same allometric scaling as running mammals","Williams 1999 Phil Trans R Soc B 354:193","Humpback whale","0","1"
"swimmer","Blue whale","Balaenoptera musculus","1","130000","7.2","0.4411","0.0613","Williams, 1999","Largest animal on Earth (~130,000 kg); allometric: COT_TOT = 7.79 × 130000^-0.29 = 0.256 J/kg/m; cruise ~2 m/s; mass-specific CoT approaches ectothermic fish despite endothermy — size scaling advantage overwhelms thermoregulation cost","Williams 1999 Phil Trans R Soc B 354:193","Blue whale","0","1"
"swimmer","West Indian manatee","Trichechus manatus","1","450","4.7","0.979","0.2083","John et al., 2021","COT_TOT = 0.87 ± 0.17 J/kg/m (directly measured via flow-through respirometry during submerged swimming); resting metabolic rate only 0.36× predicted for placental mammals (Kleiber); sirenians evolved in warm water and sacrificed high metabolic rate for low energy budget","John et al. 2021 J Exp Biol 224:jeb237628","Manatee","0","1"
"swimmer","Green sea turtle","Chelonia mydas","1","100","1.98","0.343","0.1732","Prange & Jackson, 1976","Resting VO2 ≈ 0.024 L/kg/hr; swimming VO2 ≈ 0.068 L/kg/hr at 0.55 m/s (2.83× resting; 5.05 kcal/L O2); ectotherm → very low basal metabolic rate; highly streamlined carapace; among the most efficient non-fish swimmers measured","Prange 1976 J Exp Biol 64:1","Sea turtle","0","1"
"swimmer","Squid (market squid)","Loligo opalescens","1","0.03","1.3","3.867","2.9745","O'Dor & Webber, 1991","CoT = 12.5 J/kg/m at 0.36 m/s; jet propulsion Froude efficiency ~30-40% vs fish undulatory ~80-90%; active VO2 = 862 mL O2/kg/hr; ~5× more expensive than salmon of the same size; burst escape jets are anaerobic and even more costly; pays with speed and maneuverability","O'Dor & Webber 1991 J Exp Biol 160:93","Squid","0","1"
"swimmer","Adélie penguin","Pygoscelis adeliae","1","3.8","7.2","13.59","1.8875","Culik et al., 1994","Minimum CoT = 7.9 J/kg/m at optimal speed 2.0 m/s (swim flume); metabolic rate 15.8 W/kg at cruise; underwater wing-propulsion (oscillating flippers); far cheaper per km than any walking penguin; endothermic with Antarctic maintenance costs","Culik et al. 1994 J Comp Physiol B 164:597","Adélie penguin","0","1"
"swimmer","Emperor penguin (swimming)","Aptenodytes forsteri","1","25","8.28","9.036","1.0912","Culik / Ponganis / allometric scaling","Estimated from allometric scaling of penguin swimming CoT (∝ m^-0.29 from Adélie data); speed 2.3 m/s per Sato et al. 2010 (all penguins cruise 1.8-2.3 m/s to minimize CoT); emperors are the most efficient penguin swimmers by body mass","Sato et al. 2010 Proc R Soc B; Ponganis 1991 J Exp Biol","Emperor penguin","0","1"
"walker_runner","Emperor penguin (waddling)","Aptenodytes forsteri","1","25","1.8","3.714","2.0633","Le Maho et al., 1980","CoT = 8.64 J/kg/m at preferred walking speed 0.5 m/s; ~2× more expensive than other animals of similar body mass due to upright posture and short legs forcing rapid force generation; recovers 80% mechanical energy per stride (Cavagna 2002 Nature) but muscles still work hard; waddling costs MORE per km than swimming","Le Maho et al. 1980 J Appl Physiol 49:888","Emperor penguin (waddling)","0","1"
"swimmer","Harbor seal (adult)","Phoca vitulina","1","70","4.32","2.374","0.5495","Davis et al., 1985","Min CoT = 2.3 J/kg/m measured via indirect calorimetry in flow channel at 1.0–1.4 m/s; hind-flipper undulation propulsion; semiaquatic mammal yet approaches fully aquatic marine mammal allometric (Williams 1999: 2.14 J/kg/m for 70 kg); ~2× more expensive than bottlenose dolphin; blubber streamlines body; skill and body composition improve dramatically from yearling to adult","Davis et al. 1985 Physiol Zool 58:590","Harbor seal","0","1"
"swimmer","Harbor seal (yearling)","Phoca vitulina","2","30","4.32","3.714","0.8601","Davis et al., 1985","Min CoT = 3.6 J/kg/m at same flow channel speed; 57% more expensive per km than adult seal; still developing swimming musculature and streamlining; mass-specific CoT for semiaquatic mammals is 2.5–5× higher than fully aquatic cetaceans (Williams 1999); skill acquisition and body form are major drivers of efficiency","Davis et al. 1985 Physiol Zool 58:590","Harbor seal (young)","0","0"
"swimmer","Nurse shark","Ginglymostoma cirratum","1","9","1.37","0.32","0.2336","Dowd et al., 2015","Min CoT = 68 mg O2/kg/km at 23°C at 0.33 BL/s (from polynomial fit to speed trials); lowest SMR (36 mg O2/kg/hr) and RMR (95 mg O2/kg/hr) of any shark species measured — benthic ambush lifestyle; ectothermic; near-anguilliform swimming kinematics; efficient per km because resting metabolism is so low that cruise barely increments it","Dowd et al. 2015 J Exp Mar Biol Ecol 465:26","Nurse shark","0","1"
"swimmer","Mako shark","Isurus oxyrinchus","1","6","1.43","1.204","0.842","Sepulveda et al., 2007","RMR 344 mg O2/kg/hr at routine swim speed 0.44 BL/s in respirometer; highest SMR (124 mg O2/kg/hr) of any shark — regional endothermy (red muscle, viscera, cranium maintained above ambient); elevated resting cost is the price of endothermy; thunniform swimmer with high propulsive efficiency; in wild cruises 2–3 BL/s where CoT would improve; stark contrast with nurse shark despite shared body plan","Sepulveda et al. 2007 Mar Biol 152:1087","Mako shark","0","1"
"walker_runner","Discoid cockroach","Blaberus discoidalis","1","0.00418","0.48","10.04","20.917","Herreid & Full, 1984","VO2ss = 0.52 + 3.1V (mL O2/g/hr); at maximum tested speed 0.48 km/h; net CoT slope = 3.1 mL O2/g/km = 15.5 kcal/kg/km; 2–3× above mammal allometric for this mass; uses same rapid linear aerobic response as vertebrates (t½ on-response <90 s); tracheal O2 delivery without circulatory system gives cockroaches a surprisingly mammal-like exercise physiology","Herreid & Full 1984 J Insect Physiol 30:395","Cockroach","0","1"
"walker_runner","American cockroach","Periplaneta americana","1","0.00073","1.5","75.53","50.35","Herreid & Full, 1984","Min net CoT = 9.83 mL O2/g/km = 49.2 kcal/kg/km; gross CoT at ~1.5 km/h approaches this asymptote; fastest cockroach runner tested; ~5× above mammal allometric line for its mass; despite the high mass-specific metabolic rate of small ectotherms, the cockroach falls in recognisable distance of the allometric prediction; can reach 1.5 m/s in bursts but max sustained aerobic speed ~0.4 m/s","Herreid & Full 1984 J Insect Physiol 30:395","Cockroach","0","1"
"vehicle","VLCC crude oil tanker","","1","3.45e+08","26.9","0.1416","0.00527","gCaptain / IMO EEDI data","Modern 300,000 DWT VLCC (e.g. TI-class or Suezmax derivative); loaded displacement 345,000 tonnes; service speed 14.5 knots at Beaufort 3; two-stroke slow-speed diesel ~28 MW; HFO 115 t/day = 4,792 kg/hr; HFO LHV 10,200 kcal/kg; by far the most efficient transport mode by mass (≈30× better than bicycle per km per kg); efficiency arises from: (1) displacement hull generates no lift-induced drag, (2) Froude number ~0.06 so wave-making drag tiny at low speed, (3) enormous mass amortises engine overhead, (4) large-diameter slow-turning propeller gives ~70% Froude efficiency; shipping moves ~90% of world trade","gCaptain maritime forum / IMO Energy Efficiency Design Index (EEDI) framework","Oil tanker","0","1"
"vehicle","Container ship (Triple-E class)","","1","2.51e+08","35.2","0.1774","0.00504","Maersk / MAN engine specification","Maersk Triple-E class at 19-knot design cruise (35.2 km/h); total loaded displacement 251,000 t (55,000 t light + 196,000 DWT); twin MAN 8S80ME-C9.2 engines 29.68 MW each; SFC=168 g/kWh; power at 19 kn ≈ 26,000 kW (cubed speed scaling from 25-kn max); fuel 4,368 kg/hr HFO; design slow-steaming strategy (vs 25-kn predecessors) lowers CO2/TEU by 50%; 18,270 TEU capacity; most fuel-efficient large container ship when ordered (2013); CoT similar to VLCC despite higher speed because enormous mass overwhelms fuel-burn rate","Wikipedia: Triple E-class container ship; MAN engine data","Container ship","0","1"
"vehicle","Diesel freight train (heavy haul)","","1","16320000","70","0.4712","0.00673","AAR / EMD locomotive BSFC data","120-car loaded coal train; 15,600 t cargo + 4× EMD SD70 locos (720 t) = 16,320 t total; cruise 70 km/h; rolling resistance Crr=0.0015 (steel-on-steel, ~5× lower than car tyres); rolling drag 240,163 N + aero drag 2,774 N = 4,723 kW propulsion; diesel BSFC 185 g/kWh → 874 kg/hr fuel; diesel LHV 8,800 kcal/kg → 7,689 kcal/hr total; consistent with CSX fleet average 520 RTM/gal (system includes empties, stops, grades); freight train CoT closely matches VLCC ship (0.0053) — both exploit huge mass and low contact resistance; steel-on-steel rolling resistance is ~5× lower than rubber-on-road","AAR (Association of American Railroads) freight data; EMD SD70 BSFC specification","Freight train","0","1"
"vehicle","Suburban electric train (S-Bahn)","","1","138000","100","1.558","0.01558","DB Class 423 specification / physics calculation","DB Class 423 S-Bahn Munich; 4-car EMU; 138 tonnes; cruise 100 km/h; rolling power 75 kW (Crr=0.002 × 138 t) + aero 46 kW (CdA≈3.5 m²) + 130 kW auxiliary (HVAC, traction electronics) = 251 kW ≈ 2.5 kWh/km; installed 1,200 kW (4×300 kW); regenerative braking returns ~25% of braking energy; electric traction efficiency 88%; more efficient than TGV per kg-km because aero drag ∝ v³ — at 100 km/h drag is 27× smaller than at 300 km/h; CoT between freight (0.007) and TGV (0.045)","DB Bahn Class 423 technical data; aerodynamic physics model","Suburban train","0","1"
"vehicle","TGV Réseau (high-speed train)","","1","383000","300","13.61","0.04537","Fritz et al. 2018 / ATOC Greengauge report","TGV Réseau: 2 power cars + 8 trailers; 383 tonnes; 8,800 kW installed; service speed 300 km/h; from Fritz et al. 2018 energy study: ICE 3 at 330 km/h = 59 Wh/seat/km; TGV at 300 km/h ≈ 50 Wh/seat/km (slightly less speed and better L/D); 404 seats × 50 = 20,200 Wh/km = 6,060 kW total draw; rolling power 626 kW (Crr=0.002) + aero 2,487 kW (CdA≈7 m² at 83.3 m/s) + 950 kW auxiliary = 4,063 kW propulsion + overhead; aerodynamic drag rises as v³ — TGV pays 3× the aero penalty of S-Bahn per kg despite lower total power; CoT rises with speed (same physics as all vehicles)","Fritz et al. 2018 Transp. Syst. Technol. 4(3 suppl.1):134-155; ATOC/Greengauge 21 report 2009","TGV","0","1"
"vehicle","Transrapid TR08 maglev","","1","282000","430","25.57","0.05947","Fritz et al. 2018 (Hamburg–Berlin route)","Transrapid TR08, 5-section vehicle; mass ~282 tonnes; Hamburg–Berlin design; from Fritz et al. 2018 (Table comparison Fig. 4): 63 Wh/seat/km at 430 km/h — lowest of any system at this speed, 7% above ICE 3 at 330 km/h (59 Wh) despite 30% higher speed; 310 seats × 63 = 19,530 Wh/km; power 19.5×430 = 8,385 kW; no rolling resistance (levitation) but magnetic drag + eddy current resistance; at 450 km/h Transrapid = 71–76 Wh/Pl/km; slightly worse CoT than TGV (0.045) due to higher speed aerodynamic losses — air resistance dominates above 400 km/h; maglev advantage is zero wheel wear, not energy (below 400 km/h its energy profile is nearly identical to wheel-rail HSR)","Fritz et al. 2018 Transp. Syst. Technol. 4(3 suppl.1):134-155 doi 10.17816/transsyst201843s1134-155","Maglev","0","1"
"vehicle","Urban tram (electric)","","1","41600","25","1.55","0.062","Alstom Citadis specification / UIC tram data","Modern 3-section low-floor tram (e.g. Alstom Citadis X05 Paris); 41.6 tonnes; city service average 25 km/h (including stops); ~3 kWh/km in service (typical European urban tram from UIC data); 3×860=2,580 kcal/km; tram is LESS efficient per kg-km than TGV or S-Bahn because: (1) light mass means low denominator in CoT despite low energy use, (2) frequent stops mean kinetic energy repeatedly wasted (regenerative braking recovers ~25% only), (3) slow speed — CoT = energy/km ÷ mass, and for trams energy/km is not proportionally lower than heavier trains; trams still 2× more efficient than a human walking per kg-km","Alstom Citadis X05 specification; UIC tram energy benchmarking","Tram","0","1"
"flyer","F1D indoor rubber free-flight","","1","0.0016","2.52","0.656","0.26","FAI Free Flight rules / BMFA rubber monograph","Ultra-optimized indoor duration model; FAI class F1D: min airframe 1.2g + max 0.4g rubber motor = 1.6g total; rubber energy density 5.5 J/g (BMFA monograph: 3725 ft-lb/lb for modern FAI rubber); total stored energy 2.2 J; speed 0.7 m/s (2–3 ft/s, FAI F1D blog); L/D ≈ 17; large 550mm-diameter slow-turning propeller at ~50 RPM gives ~72% Froude efficiency; 30+ min flights in large hangars; power = 2.2 J / 1800 s = 0.00122 W; per kg = 0.763 W/kg; CoT matches modern wide-body airliner per kg — extraordinary for 1.6g aircraft; propeller size-to-model-mass ratio exceeds any other powered aircraft","FAI Sporting Code Vol F1 (Free Flight); BMFA Rubber Monograph; J&H Aerospace F1D data","F1D rubber model","0","1"
"flyer","Pennyplane (indoor rubber)","","1","0.0045","3.6","1.706","0.474","J&H Aerospace / BMFA rubber monograph","Standard AMA/FAI Pennyplane: 3.2g balsa airframe + ~1.3g 3/32-inch rubber motor = 4.5g total (cross-section 2.38×1mm; loop ~61cm; density 1.1 g/cm³); energy 1.3×5.5=7.15J; forward speed ~1.0 m/s; 13.35 min best time in large hangar (J&H Aerospace data); total distance ~801m; much heavier and less optimized than F1D but still CoT comparable to cross-country skis; 12-inch propeller; entry-level indoor endurance model; demonstrates that even simple rubber free-flight models are highly aerodynamically efficient","J&H Aerospace Pennyplane specification; BMFA Rubber Monograph (5.5 J/g rubber)","Pennyplane","0","1"
"flyer","Quadcopter drone (consumer)","","1","0.249","43.2","149.9","3.47","DJI Mini 3 Pro specification","DJI Mini 3 Pro; total mass 249g; battery 7.38V × 2453 mAh = 18.1 Wh; max range 18 km at 43.2 km/h (DJI spec — this is the range-optimal speed where energy/distance is minimized); power at cruise = 18.1 Wh / (18 km / 43.2 km/h) = 43.4 W; CoT = 3.47 kcal/kg/km; multirotor is 10× less efficient than fixed-wing of similar mass because all lift is from rotor thrust (no wing); CoT similar to a hummingbird in forward flight — both are biological/mechanical rotorcraft — and ~13× worse than a racing bicycle; quadcopter CoT improves only slightly with speed as parasite drag rises to partially offset improving induced power","DJI Mini 3 Pro official specifications","Quadcopter","0","1"
"flyer","Electric RC model airplane","","1","1.1","70","50.9","0.727","Generic park-flyer specification (E-flite class)","Typical 1m-wingspan electric park flyer (e.g. E-flite Apprentice S 15e class); mass ~1.1 kg AUW; 3S LiPo 2200mAh 11.1V = 24.4 Wh; 22 min typical flight; average cruise power ~65 W (full-throttle 300 W for climb; ~20% throttle cruise); electric motor+ESC efficiency ~75% combined; distance per charge: 70 km/h × 0.367 hr = 25.7 km; CoT = (24.4 Wh × 3.6 kJ/Wh / 4.186 kJ/kcal) / (1.1 kg × 25.7 km) = 0.73 kcal/kg/km; nearly identical CoT to a pigeon or starling; electric drive is far more efficient than small IC (glow/petrol) engines which have ~10% thermal efficiency at model scales giving CoT ~40 kcal/kg/km; wings = efficient, motor = efficient","Generic electric park flyer specifications; aerodynamic first principles","Electric RC plane","0","1"
"flyer","Wandering albatross","Diomedea exulans","1","8.7","54","4.209","0.0779","Adams et al. 1986; Weimerskirch et al. 2000","Breeding adult, ~8.7 kg; doubly-labelled water study (Adams et al. 1986 Physiol. Zool. 59:583): flight metabolic rate = 2.35× measured BMR; BMR for 8.7 kg non-passerine = 78.3×8.7^0.723 = 374 kcal/day = 15.6 kcal/hr total = 1.79 kcal/kg/hr; flight rate = 2.35×1.79 = 4.21 kcal/kg/hr; average GPS ground speed 54 km/h from Weimerskirch et al. 2000 (Proc Roy Soc B 267:1869); DYNAMIC SOARING: albatross harvests energy from wind shear by alternately diving downwind and soaring upwind — this is why flight costs only 2.35× BMR vs 8-12× for flapping birds of comparable mass; at 0.078 kcal/kg/km the albatross is more efficient per kg-km than a racing bicycle (0.15); in favourable winds ground speed reaches 80 km/h → CoT drops to 0.053 kcal/kg/km; the most energy-efficient powered locomotion in the animal kingdom","Adams et al. 1986 Physiol Zool 59:583-591; Weimerskirch et al. 2000 Proc Roy Soc B 267:1869-1874","Albatross","0","1"
"flyer","Dark-bellied brent goose","Branta bernicla bernicla","1","1.3","65","22.8","0.351","Butler & Woakes 1980 / allometric 7.5× BMR","Mass ~1.3 kg; migration cruise ~65 km/h (18 m/s = Vmr for this wing loading); flight metabolic rate estimated at 7.5× BMR following Butler & Woakes (1980 J Exp Biol 85:169, heart rate telemetry in barnacle geese Branta leucopsis, a sister species); BMR for 1.3 kg non-passerine = 78.3×1.3^0.723 = 94.7 kcal/day = 3.95 kcal/hr = 3.04 kcal/kg/hr; 7.5× BMR = 22.8 kcal/kg/hr; CoT = 22.8/65 = 0.351 kcal/kg/km; dark-bellied brent breeds in Siberia and winters in NW Europe, staging through the Wadden Sea — one of the great long-distance migrations; small Branta geese are efficient because: (1) high aspect-ratio wings give low induced drag, (2) V-formation reduces power ~15% for trailing birds, (3) large wing area relative to mass reduces wing loading compared to dabbling ducks; marked contrast to the albatross — the goose must flap continuously, paying the full aerodynamic cost","Butler & Woakes 1980 J Exp Biol 85:169; Pennycuick 1989 aerodynamic model","Brent goose","0","1"
"flyer","Common cuckoo","Cuculus canorus","1","0.11","60","54.1","0.902","BTO satellite telemetry / allometric 9× BMR","Mass ~110g; migration airspeed ~60 km/h (from satellite-tagged UK cuckoos, BTO / Hewson et al. 2016 Nat Commun 7:12296); flight metabolic rate estimated at 9× BMR (typical for medium-small non-passerine flapping migrants, between geese 7-8× and passerines 10-13×); BMR for 0.11 kg non-passerine = 78.3×0.11^0.723 = 15.87 kcal/day = 0.661 kcal/hr = 6.01 kcal/kg/hr; 9× BMR = 54.1 kcal/kg/hr; CoT = 54.1/60 = 0.902 kcal/kg/km; REMARKABLE MIGRATION: UK cuckoos fly ~16,000 km to sub-Saharan Africa, making non-stop Sahara crossings of up to 90 hours; the BTO satellite tracking revealed two routes — a western route via Spain and a shorter eastern route via Italy — with higher survival on the eastern route; cuckoo CoT is comparable to a migrant songbird despite 4× larger mass because their low BMR (non-passerine) keeps the absolute energy cost per hour low, while higher speed spreads that cost over more km/h; value is an estimate — no direct respirometry on flying cuckoos exists","Hewson et al. 2016 Nat Commun 7:12296 (BTO satellite tracking); allometric BMR (Lasiewski & Dawson 1967)","Common cuckoo","1","1"
"flyer","Thrush nightingale","Luscinia luscinia","1","0.026","36","63.2","1.756","Klaassen et al. 2000 (direct wind tunnel)","Mass ~26g (average during 12-hr wind tunnel flight, starting ~30g, ending ~22g); one bird flew 176 hr cumulative at 10 m/s (36 km/h) in the Lund wind tunnel, equivalent to 6,300 km; flight power estimated at 1.91 W from energy balance (mass loss during flight + recovery feeding balance); per kg: 1.91/0.026 = 73.5 W/kg = 63.2 kcal/kg/hr; CoT = 63.2/36 = 1.756 kcal/kg/km; the paper notes this is LOW compared to aerodynamic models for birds of similar mass — suggesting migratory birds may have lower flight costs than non-migrants through physiological adaptation (larger pectoral muscles, more oxidative muscle fibres); speed of 10 m/s was chosen as predicted maximum range speed (Vmr); thrush nightingale breeds in NE Europe and winters in SE Africa (16,000 km round trip); this is one of very few direct metabolic measurements during sustained long-distance migratory flight in a wind tunnel","Klaassen et al. 2000 Condor 102:444-451 (wind tunnel energy balance)","Thrush nightingale","0","1"
"flyer","Barn swallow","Hirundo rustica","1","0.02","40","117.4","2.935","Turner 2006 / Groningen free-flight respirometry","Mass ~20g (lean bird; migrating birds carry fat load up to 30g); metabolic power from empirical formula e(f) = 0.38 × m^0.58 W (m in grams) measured in free-flying barn swallows via heart rate calibration at Groningen; for 20g: e = 0.38 × 20^0.58 = 2.73 W → per kg = 136.5 W/kg; but correction for metabolic overhead: 117.4 kcal/kg/hr = 136.5 W/kg × (3600 s/hr) / (4186 J/kcal); at cruise speed 40 km/h (11.1 m/s; observed free-flight mean 8-9 m/s, Bäckman & Alerstam 2002); CoT = 117.4/40 = 2.94 kcal/kg/km; barn swallow migrates 10,000 km from Europe to sub-Saharan Africa, fuelling from aerial insect prey en route (fly-and-forage migration); unlike larger migrants that stage at stopover sites, swallows can feed while flying; IMPORTANT NOTE: because swallows are obligate flappers (no dynamic soaring, no energy saving wing design like albatross), they must pay the full aerodynamic cost; their pointed wings give good aerodynamic efficiency but this cannot overcome the mass-specific metabolic cost that rises steeply for small birds","Turner AK 2006 / Bäckman & Alerstam 2002 Proc Roy Soc B 269:1011-1017; Park et al. 2001 J Exp Biol 204:2741-2750","Barn swallow","0","1"
"walker_runner","Fowler's toad (slow walk)","Anaxyrus fowleri","1","0.0258","0.09","2.385","26.5","Walton & Anderson, 1988","Fowler's toad (formerly Bufo woodhousei fowleri); 25.8g; slow walk at 0.09 km/h; VO2 = 0.13 (resting) + 3.85×0.09 = 0.477 ml O2/g/hr (linear aerobic portion); metabolic rate = 0.477×5 = 2.385 kcal/kg/hr; hopping/walking gait at this slow speed; resting VO2 = 0.13 ml/g/hr; toads WALK at slow speeds and switch to hopping at higher speeds; CoT is HIGHER at slower speeds because resting metabolic overhead is large relative to locomotion; ectotherm with very low resting rate but also low aerobic scope; compares poorly to similarly-sized mice (~3 kcal/kg/km) or lizards — anuran saltatory gait does not provide the elastic energy savings seen in large kangaroos","Walton & Anderson 1988 J Exp Biol 136:273-288","Toad (walk)","0","1"
"walker_runner","Fowler's toad (max aerobic hop)","Anaxyrus fowleri","2","0.0258","0.27","5.85","21.67","Walton & Anderson, 1988","At maximum aerobic speed 0.27 km/h; VO2 = 1.17 ml O2/g/hr (9× resting = 9×0.13); this is VO2max for sustained locomotion; metabolic rate = 1.17×5 = 5.85 kcal/kg/hr; minimum gross CoT occurs at maximum aerobic speed (same pattern as all terrestrial animals); at speeds >0.27 km/h VO2 plateaus but speed increases → apparent aerobic CoT falls, but this is misleading: extra power is anaerobic (lactate) and unsustainable; hopping in small anurans is NOT more economical than running (unlike large kangaroos which save elastic energy); CoT ~8× a similarly-sized mouse due to sprawling posture, saltatory inefficiency, and low aerobic scope; ectothermy provides low resting cost but doesn't make exercise cheap","Walton & Anderson 1988 J Exp Biol 136:273-288","Toad (hop)","0","1"
"walker_runner","Sidewinder rattlesnake","Crotalus cerastes","1","0.11","0.5","1.27","2.54","Secor et al. 1992","8 snakes mean mass 110g; sustained sidewinding on treadmill at 0.5 km/h for 33-180 min; net CoT = 0.408 ml O2/g/km (Secor et al. 1992 J Exp Biol 163:1-14); gross CoT = net + resting/speed = (0.408×5) + (0.05×5/0.5) = 2.04 + 0.50 = 2.54 kcal/kg/km; gross metabolic rate = 2.54×0.5 = 1.27 kcal/kg/hr; SIDEWINDING is the most efficient snake gait and is LESS costly than lizard locomotion of similar mass; lateral undulation in Coluber constrictor costs ~3-5× more per unit distance; the efficiency advantage of sidewinding arises because the body-ground contact points are stationary (no sliding friction) — body waves travel backward while contact points push forward; CoT is still well above mammal allometric for same mass (~0.7 kcal/kg/km for 110g mammal) because ectotherm running muscles are less efficient and the sprawling posture generates high lateral forces","Secor et al. 1992 J Exp Biol 163:1-14","Sidewinder","0","1"
"flyer","Greater spear-nosed bat","Phyllostomus hastatus","1","0.093","21.6","130","6.02","Thomas 1975 J Exp Biol","4 bats in circular flight room, mask respirometry; bat F mean VO2 = 27.53 ml O2/g/hr (highest individual), bat R = 24.68 ml O2/g/hr (slowest); mean ~26 ml O2/g/hr → 130 kcal/kg/hr; flight speed estimated 6 m/s = 21.6 km/h (circular room method, not wind tunnel; actual speed uncertain ±30%); CoT = 130/21.6 = 6.02 kcal/kg/km; Thomas (1975) showed bats fall on or slightly above the bird regression line in Tucker-style plots; bats are LESS efficient per km than birds of the same mass partly because mammalian membrane wings require active tension maintenance and the leading-edge membrane stores less elastic energy than feathers; CoT is much lower than running mammals of the same mass per unit DISTANCE because flight speed is so much higher; represents ~6× metabolic cost increase above resting for a similar-sized endotherm","Thomas 1975 J Exp Biol 57:317-355","Spear-nosed bat","0","1"
"flyer","Large fruit bat","Pteropus gouldii","1","0.78","32.4","214","6.6","Thomas 1975 J Exp Biol","Mean mass 780g; circular flight room; lowest measured level-flight metabolic rate = 53.4 W/kg (Thomas 1975 search result) = 45.9 kcal/kg/hr at minimum power speed; for gross CoT at cruise speed 9 m/s = 32.4 km/h (Vmr estimate for 780g bat, wing span ~120cm); metabolic rate at cruise speed is typically higher than minimum power speed → using 214 kcal/kg/hr (Thomas search result for range of measurements); CoT = 214/32.4 = 6.60 kcal/kg/km; NOTE: if minimum metabolic rate (53.4 W/kg = 45.9 kcal/kg/hr) is used at minimum power speed (~7 m/s = 25 km/h), CoT = 45.9/25 = 1.84 kcal/kg/km (more consistent with bird allometric); large fruit bats show better mass-specific CoT than smaller bats — the general M^(-0.27) allometric scaling applies; flight metabolic rate falls on same double-log line as birds of equivalent mass confirming convergent aerodynamic solutions","Thomas 1975 J Exp Biol 57:317-355","Fruit bat","0","1"
"flyer","Bumblebee","Bombus terrestris","1","0.000175","28.8","375","13","Ellington et al. 1990 Nature","Worker bumblebee mass 175 mg; VO2 measured in free forward flight across 0-4 m/s in wind tunnel (Nature 347:472); key finding: VO2 is approximately CONSTANT across all tested speeds (~65-75 ml O2/g/hr) — the expected U-shaped power curve was not observed; this is unique to insects and means CoT improves continuously with speed (fast flight costs same energy per hour but covers more distance); using 75 ml O2/g/hr at maximum sustained cruise ~8 m/s = 28.8 km/h: 375 kcal/kg/hr → CoT = 13.0 kcal/kg/km; minimum CoT would be at maximum speed; VO2 is high per unit mass because (1) wingbeat frequency ~200 Hz requires fast/expensive muscle, (2) insect flight muscle has ~95% efficiency in power generation but ~5% in conversion to flight power, (3) no elastic energy storage in wings; places bumblebee above the bird flight line at equivalent mass due to inefficient wingbeat mechanics","Ellington et al. 1990 Nature 347:472-473","Bumblebee","0","1"
"flyer","Tobacco hawkmoth","Manduca sexta","1","0.002","14.4","190","13.2","Heinrich 1971 J Exp Biol","Adult female ~2g; free tethered and free-flight VO2 measured in respirometry mask; during hovering (the dominant foraging flight mode): 38.4 ml O2/g/hr; during forward flight estimated 35-40 ml O2/g/hr at ~4 m/s = 14.4 km/h; using 38 ml O2/g/hr (gross including thermoregulation overhead at 40°C thorax): 190 kcal/kg/hr; CoT = 190/14.4 = 13.2 kcal/kg/km; hawkmoths must maintain thorax at ~40°C for efficient muscle function (endothermic in flight, ectothermic at rest) — this adds to the metabolic cost; interesting comparison to bumblebee: similar mass and similar CoT; sphinx moths and bees converge on similar flight costs despite completely different evolutionary histories; hawkmoth migration has been documented — individuals can travel hundreds of km; note this is at hovering/foraging speed; at faster migration speeds CoT would be lower","Heinrich 1971 J Exp Biol 54:141-152","Hawkmoth","0","1"
"swimmer","Moon jellyfish","Aurelia aurita","1","0.005","0.02","0.0032","0.16","Gemmell et al. 2013 PNAS","Aurelia aurita bell diameter 3-6 cm, wet mass ~5g; swimming speed ~5 mm/s = 0.018-0.020 km/h from kinematic tracking; metabolic data from Uye & Shimauchi 2005; Gemmell et al. (2013 PNAS 110:17904) found jellyfish net CoT is 3.5× lower than sockeye salmon and lower than any other metazoan on a WET MASS basis; gross metabolic rate ~0.0032 kcal/kg WW/hr (active rate = 2× basal, basal = 0.0016 kcal/kg/hr); gross CoT = 0.0032/0.020 = 0.160 kcal/kg/km (WET MASS); mechanism: PASSIVE ENERGY RECAPTURE — during bell refill phase, vortex ring formed during contraction provides extra thrust for free, improving CoT by 48%; jellyfish muscle is ≤1% of wet mass (vs 50%+ for fish), so the denominator in CoT (wet mass) is dominated by metabolically inert mesoglea; if normalized to muscle mass, jellyfish would be LESS efficient than fish; the wet-mass comparison is biologically meaningful because it determines whether jellyfish can outcompete fish ecologically; fish only achieve lower CoT than Aurelia above ~100 kg body mass","Gemmell et al. 2013 PNAS 110:17904-17909; Uye & Shimauchi 2005 J Plankton Res 27:237","Jellyfish","0","1"
"flyer","Andean condor (thermal soaring)","Vultur gryphus","1","10.5","50","3.38","0.0676","Vöhringer et al. 2022 / Duriez et al. / Bishop et al. 2023","Adult mass ~10.5 kg; thermal soaring specialist; from accelerometer + GPS tag study of Andean condors (published 2022): metabolic rate during soaring = ~2× resting metabolic rate; one condor flew 172 km in >5 hours without a single wingbeat; flaps only 1% of flight time (primarily at takeoff); resting BMR for 10.5 kg non-passerine = 78.3×10.5^0.723 = 426 kcal/day = 1.69 kcal/kg/hr; soaring metabolic rate = 2×1.69 = 3.38 kcal/kg/hr; at typical between-thermal travel speed 50 km/h (GPS-tracked groundspeed): CoT = 3.38/50 = 0.068 kcal/kg/km; THERMAL SOARING harvests gravitational potential energy from rising air (thermals); condor gains altitude for free then glides with glide ratio ~30:1 to cover horizontal distance; flapping flight would cost ~30× resting = 50.7 kcal/kg/hr → CoT = 1.01 kcal/kg/km (15× worse!); condor CoT beats the albatross and matches electric car; the energetic constraint for condors is finding takeoff thermals, not sustaining flight","Vöhringer et al. 2022 study / Bishop et al. 2023 PNAS 120:e2215686120 (Andean condor accelerometer study)","Andean condor","0","1"
"flyer","White stork (thermal soaring)","Ciconia ciconia","1","3.5","45","4.08","0.0907","Flack et al. 2018 / Liechti & Bruderer 1998 allometric estimate","Mass 3.5 kg; migratory soaring bird crossing Sahara and sub-Saharan Africa; uses thermals during migration rather than flapping; metabolic rate ≈ 2× BMR during soaring (same physics as condor); BMR for 3.5 kg non-passerine = 78.3×3.5^0.723 = 171.6 kcal/day = 2.04 kcal/kg/hr; soaring metabolic rate = 2×2.04 = 4.08 kcal/kg/hr; migration travel speed ~45 km/h (GPS tracking, Flack et al. 2018 Science); CoT = 4.08/45 = 0.091 kcal/kg/km; storks soar during the day when thermals develop and must stop flying at night (unlike flapping migrants); European stork population crosses Bosphorus in thousands during autumn migration — these straits are preferred because thermals form over the narrower land crossing; if forced to flap (at sea): metabolic rate ~12× BMR = 24.5 kcal/kg/hr → CoT = 0.54 kcal/kg/km (6× worse) — this is why storks avoid overwater crossings","Flack et al. 2018 Science 360:1114; Liechti & Bruderer 1998","White stork","0","1"
"vehicle","Petrol car (family sedan)","","1","1425","100","40.27","0.4027","Toyota Corolla class / ~2025 WLTP fuel economy data","Toyota Corolla (2025 model year—fair description of a current compact family sedan); kerb mass 1,350 kg + 75 kg driver = 1,425 kg total; highway fuel economy 6.5 L/100km at 100 km/h (WLTP combined ~5.5 L, highway better; using realistic highway figure); petrol LHV = 8,830 kcal/L; energy per km = 6.5/100×8,830 = 573.9 kcal/km; power = 573.9×100/1425 = 40.3 kcal/kg/hr; CoT = 40.3/100 = 0.403 kcal/kg/km; petrol car sits above the VLCC tanker (0.005) and freight train (0.007) because: (1) internal combustion engine ~30% thermal efficiency (vs diesel marine engines 50%+), (2) low mass means little amortisation of aerodynamic drag overhead, (3) rolling resistance much higher than steel-on-steel (Crr ~0.01 vs 0.0015); compare to electric car (0.077 kcal/kg/km) — petrol car is 5.3× less efficient per kg-km; a fully loaded car (4 people) would have CoT = 0.403×1425/1575 = 0.365","Toyota Corolla WLTP data (~2025 model year); petrol LHV from IPCC energy statistics","Petrol car","0","1"
"vehicle","Electric car (BEV)","","1","1686","100","7.654","0.07654","Tesla Model 3 Standard Range / EPA data","Tesla Model 3 Standard Range AWD; kerb mass 1,611 kg + 75 kg driver = 1,686 kg total; EPA-rated highway range 547 km on 75 kWh usable battery = 13.7 kWh/100km; at 100 km/h real-world: ~15 kWh/100km (slightly higher than EPA combined due to aerodynamic drag increase with speed); 1 kWh = 860 kcal (thermodynamic equivalent of electrical energy); energy per km = 15/100×860 = 129 kcal/km; power per kg = 129×100/1686 = 7.654 kcal/kg/hr; CoT = 7.654/100 = 0.0765 kcal/kg/km; electric car is 5.3× more efficient than petrol car due to: (1) electric motor ~95% efficient vs ICE ~30%, (2) regenerative braking recovers ~25% of kinetic energy at stops, (3) no idle fuel consumption; REMARKABLY: electric car CoT is almost identical to the wandering albatross (0.079) and below the bicycle rider (0.15 kcal/kg/km) — the most efficient forms of human transport converge near 0.05-0.10 kcal/kg/km; comparison excludes battery production embodied energy","Tesla Model 3 EPA range data 2023; kWh to kcal: 1 kWh = 3.6 MJ / 4.186 kJ/kcal × 1000 = 860 kcal","Electric car","0","1"
"vehicle","Motorcycle","","1","265","100","149.8","1.498","Honda CB500F / WMTC data","Honda CB500F (representative mid-size naked motorcycle); kerb mass 190 kg + 75 kg rider = 265 kg total; highway fuel economy at 100 km/h: 4.5 L/100km (WMTC test cycle); petrol LHV = 8,830 kcal/L; energy per km = 4.5/100×8,830 = 397.4 kcal/km; power per kg = 397.4×100/265 = 149.8 kcal/kg/hr; CoT = 149.8/100 = 1.50 kcal/kg/km; COUNTERINTUITIVELY motorcycle is 3.7× less efficient per kg than the car (0.40 kcal/kg/km) despite using less fuel per km (4.5 vs 6.5 L) — this is because the car's large mass (1,425 kg) is shielded by its streamlined body, dramatically improving mass-specific efficiency; motorcycle's small frontal area saves fuel per km, but per kg of vehicle mass the car wins; per PERSON transported the motorcycle is better: 1.50×265/75 = 5.3 kcal/kg_person/km vs car 0.40×1425/75 = 7.6 kcal/kg_person/km; the Tucker plot uses total system mass as the denominator","Honda CB500F specifications 2023; WMTC fuel economy","Motorcycle","0","1"
"flyer","Concorde","","1","137000","2179","1476","0.677","BAC/Aérospatiale Concorde flight manual / ICAO","BAC/Aérospatiale Concorde; mid-cruise mass ~137,000 kg (MTOW 187,700 kg, landing ~108,000 kg); Mach 2 cruise at 18,000 m = 2,179 km/h; fuel burn at Mach 2 cruise: ~17,000 kg/hr of Jet-A (four Olympus 593 engines at 38,050 N thrust each); Jet-A LHV = 11,900 kcal/kg; energy rate = 17,000×11,900 = 202.3 million kcal/hr; per kg: 202,300,000/137,000 = 1,476 kcal/kg/hr; CoT = 1,476/2,179 = 0.677 kcal/kg/km; 3.3× less efficient than Boeing 787-9 despite being 3.6× faster; SUPERSONIC DRAG PENALTY: at Mach 2, wave drag and aerodynamic heating add ~60-70% to total drag vs subsonic cruise; the Olympus 593 was one of the most thermodynamically efficient turbojets ever built but could not overcome wave drag physics; Concorde was viable commercially only with premium fares 4-5× economy class; retired 2003 after 27 years; per-passenger CoT improves to 0.677×137,000/100 passengers = 927 kcal/passenger-km","Concorde Flight Manual; ICAO technical data; Flight International Concorde fuel data","Concorde","0","1"
"flyer","Helicopter","","1","1451","193","746","3.87","Bell 206B JetRanger specification / FAA performance data","Bell 206B JetRanger III; MTOW 1,451 kg; cruise speed 193 km/h (105 knots); fuel burn at cruise: ~90 kg/hr Jet-A (manufacturer data); Jet-A LHV = 11,900 kcal/kg; energy rate = 90×11,900 = 1,071,000 kcal/hr; per kg = 1,071,000/1,451 = 738 kcal/kg/hr; CoT = 738/193 = 3.82 kcal/kg/km; helicopter is fundamentally inefficient compared to fixed-wing because ALL lift comes from powered rotor thrust — no wing to generate lift 'for free' from forward speed; disk loading is high (rotor area small relative to weight lifted), requiring more energy per newton of lift than a large gliding wing; REMARKABLE COMPARISON: helicopter CoT is almost identical to a DJI quadcopter drone (3.47 kcal/kg/km) despite being 5,800× heavier — both are rotorcraft with similar induced power scaling; compare to Boeing 787 (0.26 kcal/kg/km): helicopter needs 15× more energy per kg-km; autorotation (unpowered descent) is the closest a helicopter comes to fixed-wing gliding efficiency; the energy advantage of fixed-wing over rotorcraft is one of the fundamental results of aerodynamic theory","Bell 206B JetRanger III Pilot's Information Manual; FAA approved helicopter flight manual","Helicopter","0","1"
"walker_runner","Naked mole-rat (walking)","Heterocephalus glaber","1","0.032","0.36","7.79","21.64","Merchant et al. 2025 J Exp Biol","Mass ~32g (H. glaber colony at University of Pretoria); treadmill respirometry at 10 cm/s = 0.36 km/h (submaximal, stable gait); net CoT = 2.9 ± 0.6 ml O2/kg/m (= 14.5 kcal/kg/km net); gross metabolic rate during walking = 3.03× resting (locomotory rate increased 203.2% above resting); resting VO2 inferred from net CoT and exercise ratio = 0.514 ml O2/g/hr = 2.57 kcal/kg/hr; gross metabolic rate = 3.03×2.57 = 7.79 kcal/kg/hr; gross CoT = 7.79/0.36 = 21.6 kcal/kg/km; naked mole-rat walking is ~3× more expensive per km than predicted by the mammal allometric (predicted net ~5 kcal/kg/km); the handicap arises because limbs are short and positioned directly below the body to support tunnel walls, not optimised for efficient locomotion; they also have unusually low BMR (~40% of predicted) helping total energy budget but not per-km locomotion cost; IMPORTANT CAVEAT: this is tunnel WALKING, not digging; burrowing costs 3-5× their resting rate (much higher); naked mole-rats share tunnels across generations to avoid repeated expensive excavation; the Damaraland mole-rat (Fukomys damarensis) has lower net CoT of 2.4 ml O2/kg/m = 12.0 kcal/kg/km (91.4% above resting), suggesting less trade-off between digging morphology and walking efficiency in that species","Merchant et al. 2025 J Exp Biol (PMC12268170); species comparison of Bathyergidae locomotion","Naked mole-rat","0","1"
"walker_runner","Cape mole-rat (burrowing)","Georychus capensis","1","0.175","0.018","17.05","947","Jarvis & Bennett 1990 Oecologia","Mass ~175g; burrowing through loose sandy soil in respirometry setup; resting VO2 = 1.13 ± 0.05 ml O2/g/hr; burrowing VO2 in loose sand = 3.41 ± 0.19 ml O2/g/hr (3.0× resting); VO2 shows a linear relationship to burrowing rate (Jarvis & Bennett 1990 Oecologia 81:444); burrowing speed estimated 5 mm/s = 0.018 km/h in loose sandy soil (based on typical mole-rat burrowing rates); gross CoT = 3.41×5/0.018 = 947 kcal/kg/km; net CoT = (3.41-1.13)×5/0.018 = 633 kcal/kg/km; IMPORTANT: this is LOOSE SANDY SOIL — the easiest substrate possible; in compacted clay or stony soil, costs would be 3-10× higher; burrowing is the most expensive terrestrial locomotion mode by far because soil must be physically displaced (loosened, carried, and compacted elsewhere); the energetic penalty of soil resistance vastly exceeds the cost of moving the animal's own body; this is why mole-rats maintain tunnel systems across generations rather than re-excavating — a profound illustration of how infrastructure investment pays energetic dividends","Jarvis & Bennett 1990 Oecologia 81:444-450","Cape mole-rat (digging)","1","1"
"walker_runner","Pocket gopher (burrowing)","Thomomys bottae","1","0.12","0.036","139.9","3887","Vleck 1979 Physiol Zool","Mass ~120g; Vleck (1979 Physiol Zool 52:391) measured O2 consumption during burrowing in four soil types from loose to compacted; resting VO2 = 0.84 ml O2/g/hr at 28-30°C; KEY RESULT: depending on soil type, burrowing requires 360-3400 times as much energy as moving the same distance across the surface; this CSV entry uses ~1000× surface net CoT as representative of moderate/typical soil (intermediate of Vleck's range); surface net CoT for 120g mammal (Tucker allometric) = 7.79×0.12^(-0.32)/4186×1000 ≈ 3.77 kcal/kg/km; burrowing net CoT = 1000×3.77 = 3770 kcal/kg/km; at estimated burrowing speed 10 mm/s = 0.036 km/h: net metabolic rate = 135.7 kcal/kg/hr; resting contribution = 4.2/0.036 = 117 kcal/kg/km; gross CoT = 3887 kcal/kg/km; the extreme cost arises from: (1) shear resistance of soil matrix ~40-200 kPa requiring large forces, (2) gopher uses incisors to cut soil then hindlimbs to sweep material back, (3) ~25% muscle mechanical efficiency means 4× more metabolic energy than work done; NOTE: Vleck's comparison normalises for distance not time — a gopher expends ~0.00007 kcal/km running vs ~0.46 kcal/km burrowing in same body; this is why fossorial species universally have reduced BMR (energy conservation adaptation)","Vleck 1979 Physiol Zool 52:391-408","Pocket gopher (digging)","1","1"
"walker_runner","Banana slug (crawling)","Ariolimax californicus","1","0.04","0.036","1.59","44.2","Denny 1980 J Exp Biol","Mass ~40g; crawling speed ~1 cm/s = 0.036 km/h on flat surface; Denny (1980 J Exp Biol 86:29) measured O2 consumption during mucus-trail locomotion; movement ~10× as costly as a mouse of equivalent weight, primarily due to mucus production; mouse equivalent mass (~40g) net CoT ≈ 4 kcal/kg/km → slug net CoT ≈ 40 kcal/kg/km; resting VO2 (ectotherm at 15°C): ~0.03 ml O2/g/hr = 0.15 kcal/kg/hr; gross CoT = 40 + 0.15/0.036 = 44.2 kcal/kg/km; gross metabolic rate = 44.2×0.036 = 1.59 kcal/kg/hr; MUCUS MECHANISM: the pedal mucus layer is 96-97% water; it acts as a viscous liquid under moving foot waves (lubricating adhesive locomotion) and as a solid gel under stationary areas (providing anchorage for push-off); mucus production accounts for more than 20× the mechanical work of actual locomotion, making it the dominant energetic cost; slugs moving along fresh conspecific mucus trails save ~73% of locomotion costs — a remarkable example of 'infrastructure sharing' in invertebrates; earthworm (Lumbricus terrestris) crawling has been extensively studied kinematically but published metabolic CoT data are absent from the literature","Denny 1980 J Exp Biol 86:29-45; Denny & Gosline 1980 J Exp Biol 88:375","Banana slug","0","1"
"swimmer","C. elegans (swimming)","Caenorhabditis elegans","1","1e-09","0.0036","86","23889","Choi et al. 2020 Nat Commun; Vanfleteren 1980","Adult day-2 worm; mass ~1 µg = 10^-9 kg; speed 1 mm/s = 0.0036 km/h (undulatory swimming in liquid; crawling on agar is ~0.3 mm/s = 3× slower giving CoT ~72000 kcal/kg/km); Active Metabolic Rate (AMR) during swimming from sub-nanowatt resolution direct calorimetry (Choi et al. 2020 Nature Comms 11:2826): ~100 nW per worm; per kg: 100 nW / 10^-9 kg = 100 W/kg = 86 kcal/kg/hr (includes both aerobic and anaerobic contributions — C. elegans is partly fermentative); gross CoT = 86/0.0036 = 23,889 kcal/kg/km; consistent with allometric VO2 = 1.66W^0.70 nl O2/µg/hr (Vanfleteren 1980 J Comp Physiol 144:351) giving aerobic component ~8 kcal/kg/hr (factor ~10 lower than total heat because C. elegans runs fermentative + aerobic mixed metabolism); REMARKABLE PHYSICS: the extreme CoT arises from two compounding effects: (1) allometric scaling means mass-specific metabolic rates increase with M^(-0.25) so a 1 µg worm has ~10,000× higher rate per kg than a 1 kg mammal, (2) the worm moves extremely slowly; this is a 7-order-of-magnitude extrapolation beyond Tucker's original dataset (fruit fly at 2 µg was the smallest); the AMR/SMR ratio is ~1.5 (locomotion adds ~50% above resting) — swimming is energetically expensive per km but cheap per hour; locomotion in C. elegans has been enormously studied (it has exactly 302 neurons, all mapped) but metabolic CoT was not computed until calorimetry improved enough to measure individual worms","Choi et al. 2020 Nature Comms 11:2826 (single-worm calorimetry); Vanfleteren 1980 J Comp Physiol 144:351","C. elegans","0","1"
"swimmer","E. coli (swimming)","Escherichia coli","1","1.1e-15","0.000108","1728","1.6e+07","Schavemaker & Lynch 2022 eLife; Berg 2003","Single E. coli cell; mass ~1.1 × 10^-15 kg (volume 1.0 µm^3, density 1.1 g/cm^3, Schavemaker & Lynch 2022 eLife Table 1); swimming speed ~30 µm/s = 0.000108 km/h (Berg & Brown 1972, Berg 2003 'E. coli in Motion'); total metabolic power from eLife table: total cell ATP expenditure = 1.59 × 10^10 ATP per cell cycle at 1 hr doubling time = 4.42 × 10^6 ATP/s; at 0.5 aJ per ATP = 2.21 × 10^-12 W per cell; per kg: 2,009 W/kg = 1,728 kcal/kg/hr; gross CoT = 1,728/0.000108 = 16,000,000 kcal/kg/km; FLAGELLAR OPERATING COST = 5.2% of total cell budget (Schavemaker & Lynch 2022 Table 1) = 90 kcal/kg/hr; net CoT (locomotion-specific) = 90/0.000108 = 833,000 kcal/kg/km; PURCELL'S INSIGHT (Life at Low Reynolds Number, 1977): at the bacterial scale Re ~10^-5, viscosity dominates — the bacterium stops in ~10^-7 seconds when its flagellum stops; there is no coasting; every metre requires continuous muscular (flagellar motor) work against viscous drag; the mechanical work against drag is only ~0.01 W/kg yet this costs ~100 W/kg metabolically because (1) the motor runs continuously, (2) flagellar synthesis (construction) is amortized over cell cycle, (3) the entire gross metabolic rate is dominated by biosynthesis (DNA, proteins, membranes) not locomotion; bacteria have evolved to exploit CHEMOTAXIS (swim-tumble-swim) to navigate gradients rather than travel long distances — the extreme gross CoT makes long-distance locomotion energetically meaningless; NOTE: gross CoT here is per WET CELL MASS (97% water in the cytoplasm) — this is the only consistent way to compare with other organisms in Tucker's framework but should be interpreted with care","Schavemaker & Lynch 2022 eLife 11:e77266 (flagellar costs); Berg & Brown 1972; Purcell 1977 Am J Phys 45:3","E. coli","1","0"
"swimmer","Paramecium caudatum","Paramecium caudatum","1","1.51e-10","0.0036","6.363","1768","Katsu-Kimura et al. 2009 J Exp Biol 212:1819-24","P. caudatum; cell mass M=1.51e-10 kg measured directly (prolate spheroid ra=83 µm, rb=20 µm, density 1.04 g/cm³); swimming speed Us=1 mm/s=0.0036 km/h (standard solution 1mM K+); total metabolic power at Us measured by simultaneous O2 consumption (optic fluorescence sensor) and swimming speed: 4.02e-6 J/hr per cell; metabolic rate per kg = 4.02e-6/(4184 × 1.51e-10) = 6.36 kcal/kg/hr; gross CoT = 6.36/0.0036 = 1768 kcal/kg/km; CRUCIALLY: 70.7% of total metabolic energy goes to ciliary propulsion (SMR=1.18e-6 J/hr = 29.3% of total); this makes Paramecium a LEGITIMATE CoT measurement unlike E. coli where locomotion is <5% of total — cilia cost is the dominant energy expenditure; mechanical efficiency = 0.078% (Stokes power 2.2e-9 J/hr vs total 4.02e-6 J/hr); COT decreases monotonically with speed (hyperbolic, no optimum within normal speed range) unlike fish which have a J-shaped COT curve with a minimum; this is the SMALLEST organism with a directly measured, well-validated CoT in the literature (6.6× smaller by mass than C. elegans); Katsu-Kimura et al. were the first to simultaneously measure O2 consumption and swimming speed in a single-celled organism","Katsu-Kimura et al. 2009 J Exp Biol 212:1819-24 (PMID 19482999)","Paramecium","0","1"
"walker_runner","Tardigrade","Hypsibius exemplaris","1","1.18e-09","0.000208","1.21","5817","Schiemann et al. 2024 PLOS One; Pedersen et al. 2020 J Exp Biol","Hypsibius exemplaris (water bear); mass estimated from body dimensions: mean length 251.5 µm (Schiemann et al. 2024 PLOS One, n=103), width ~30% of length = 75 µm, cylindrical volume = π × 37.5² × 251.5 µm³ = 1.11 × 10⁶ µm³, density 1.05 g/cm³, mass ~1.18 µg = 1.18 × 10⁻⁹ kg; walking speed: 0.23 ± 0.08 body lengths/s on agarose-coated Petri dish = 57.9 µm/s = 2.08 × 10⁻⁴ km/hr (Schiemann et al. 2024, also Nirody et al. 2021 PNAS 118:e2107289118 found 160.5 µm/s on stiffer 50-kPa gel — substrate-dependent); tardigrades are smallest known walking animal with 8 legs; metabolic rate (resting): 10.8 ± 1.8 nmol O₂/mg/hr for Richtersius coronifer at 22°C from Pedersen et al. 2020 J Exp Biol 223:jeb225466 (first quantitative O2 respirometry of individual tardigrades) = 242 nL O₂/mg/hr = 1.21 kcal/kg/hr; CoT = 1.21/0.000208 = 5817 kcal/kg/km — NOTE: this is a LOWER BOUND as the resting metabolic rate is used (no measurement of active walking O2 in tardigrades exists); active walking likely 3-5× resting, so active CoT ~17,000-29,000 kcal/kg/km, consistent with allometric expectation for a ~1 µg ectotherm; DUBIOUS FLAGS: (1) metabolic rate is from R. coronifer, locomotion is from H. exemplaris — different families but both eutardigrades; (2) resting not active metabolism used","Schiemann et al. 2024 PLOS One 19(11):e0310738; Nirody et al. 2021 PNAS 118:e2107289118; Pedersen et al. 2020 J Exp Biol 223:jeb225466","Tardigrade","1","0"
"walker_runner","Red kangaroo (slow hop)","Macropus rufus","1","20.4","7.2","3.06","0.425","Dawson & Taylor 1973 Nature 246:313; Kram & Dawson 1998 Comp Biochem Physiol B 120:41","Red kangaroo (Macropus rufus); female, mass 20.4 kg measured (Kram & Dawson 1998); VO2 remains nearly CONSTANT at ~10.2 mL O2/kg/min regardless of hopping speed from 2-6 m/s (Dawson & Taylor 1973 Nature 246:313-314) — this is the defining feature: metabolic rate ~3.06 kcal/kg/hr at ALL speeds; CoT therefore decreases monotonically with speed (faster = cheaper per km, unique among all animals); mechanism: elastic energy storage and recovery in compliant Achilles tendons (~33-41% of energy recovered per hop; Ker et al. 1986 wallaby estimate); multiple speed replicates added to illustrate constant VO2 and decreasing CoT; Dawson & Taylor 1973: ""rate of O2 consumption is nearly independent of running speed"" 2-6 m/s, average 10.2 mL O2/kg/min; max VO2 = 3 mL O2/kg/s during uphill hopping (Kram & Dawson 1998); muscle efficiency normal ~30%; red kangaroos prefer slow speeds (~3-4 m/s) to avoid dangerous tendon stress despite slower speeds being less economical per km","Dawson & Taylor 1973; Kram & Dawson 1998","Red kangaroo","0","0"
"walker_runner","Red kangaroo (medium hop)","Macropus rufus","2","20.4","14.4","3.06","0.212","Dawson & Taylor 1973 Nature 246:313; Kram & Dawson 1998 Comp Biochem Physiol B 120:41","Red kangaroo (Macropus rufus); female, mass 20.4 kg measured (Kram & Dawson 1998); VO2 remains nearly CONSTANT at ~10.2 mL O2/kg/min regardless of hopping speed from 2-6 m/s (Dawson & Taylor 1973 Nature 246:313-314) — this is the defining feature: metabolic rate ~3.06 kcal/kg/hr at ALL speeds; CoT therefore decreases monotonically with speed (faster = cheaper per km, unique among all animals); mechanism: elastic energy storage and recovery in compliant Achilles tendons (~33-41% of energy recovered per hop; Ker et al. 1986 wallaby estimate); multiple speed replicates added to illustrate constant VO2 and decreasing CoT; Dawson & Taylor 1973: ""rate of O2 consumption is nearly independent of running speed"" 2-6 m/s, average 10.2 mL O2/kg/min; max VO2 = 3 mL O2/kg/s during uphill hopping (Kram & Dawson 1998); muscle efficiency normal ~30%; red kangaroos prefer slow speeds (~3-4 m/s) to avoid dangerous tendon stress despite slower speeds being less economical per km","Dawson & Taylor 1973; Kram & Dawson 1998","Red kangaroo","0","0"
"walker_runner","Red kangaroo (fast hop)","Macropus rufus","3","20.4","21.6","3.06","0.142","Dawson & Taylor 1973 Nature 246:313; Kram & Dawson 1998 Comp Biochem Physiol B 120:41","Red kangaroo (Macropus rufus); female, mass 20.4 kg measured (Kram & Dawson 1998); VO2 remains nearly CONSTANT at ~10.2 mL O2/kg/min regardless of hopping speed from 2-6 m/s (Dawson & Taylor 1973 Nature 246:313-314) — this is the defining feature: metabolic rate ~3.06 kcal/kg/hr at ALL speeds; CoT therefore decreases monotonically with speed (faster = cheaper per km, unique among all animals); mechanism: elastic energy storage and recovery in compliant Achilles tendons (~33-41% of energy recovered per hop; Ker et al. 1986 wallaby estimate); multiple speed replicates added to illustrate constant VO2 and decreasing CoT; Dawson & Taylor 1973: ""rate of O2 consumption is nearly independent of running speed"" 2-6 m/s, average 10.2 mL O2/kg/min; max VO2 = 3 mL O2/kg/s during uphill hopping (Kram & Dawson 1998); muscle efficiency normal ~30%; red kangaroos prefer slow speeds (~3-4 m/s) to avoid dangerous tendon stress despite slower speeds being less economical per km","Dawson & Taylor 1973; Kram & Dawson 1998","Red kangaroo","0","1"
"walker_runner","Chimpanzee (knuckle-walking)","Pan troglodytes","1","59.8","3.6","3.42","0.95","Sockol et al. 2007 PNAS 104:12265","Chimpanzee (Pan troglodytes); knuckle-walking (quadrupedal); mean mass 59.8 kg, 5 adult chimps age 6-33 yr, treadmill at 1.0 m/s (Sockol et al. 2007 PNAS 104:12265-12269); NET cost of transport = 0.19 ± 0.014 mL O2/kg/m (quadrupedal) — net = subtracts standing metabolic rate; net CoT 0.95 kcal/kg/km; gross CoT estimated ~1.36 kcal/kg/km; chimpanzee CoT is ~4× higher than humans walking (0.19 vs ~0.08 mL O2/kg/m), well ABOVE the expected allometric line for quadrupeds of similar mass; key result of Sockol 2007: human walking is 75% less costly than both bipedal and quadrupedal walking in chimps; variation in cost explained by biomechanics: chimps have crouched knuckle-walking posture with flexed hips requiring large muscle volumes per unit ground force; humans have more extended hindlimb and longer contact time, reducing cost; this supports the hypothesis that energy savings drove evolution of hominin bipedalism; CATEGORY NOTE: chimpanzee bipedal walking is 10% more expensive than knuckle-walking on average (0.21 vs 0.19 mL O2/kg/m); NOTE: value is NET CoT — gross would be ~1.36 kcal/kg/km","Sockol et al. 2007 PNAS 104:12265-12269","Chimpanzee","0","1"
"walker_runner","Human (running)","Homo sapiens","1","70","10.5","11.4","1.086","Taylor et al. 1982 J Exp Biol 97:1; Margaria et al. 1963","Human running; 70 kg adult; 2.92 m/s = 10.5 km/h (comfortable recreational pace); VO2 ~38 mL O2/kg/min (gross) = 12 kcal/kg/hr; CoT = 12/10.5 = 1.14 kcal/kg/km; classic result that running CoT is nearly CONSTANT with speed (unlike walking which has a U-shaped CoT curve) — Margaria et al. 1963, Taylor et al. 1982 J Exp Biol 97:1-21; human running CoT (~1.0-1.2 kcal/kg/km) is ~50% higher than walking CoT (~0.73 kcal/kg/km); contrast with Tucker bicycle data: running CoT is ~4-8× higher than bicycle CoT (0.13-0.25 kcal/kg/km); net running cost ~0.88 kcal/kg/km (Margaria 1963: net 4.0 J/kg/m); allometric prediction for 70 kg mammal: ~0.4 kcal/kg/km — human running is 2-3× above this, showing bipedal running is not especially efficient compared to quadrupeds; see Sockol 2007 for comparison with chimpanzee","Taylor et al. 1982 J Exp Biol 97:1-21","Human running","0","1"
"walker_runner","Ostrich","Struthio camelus","1","97","10.8","3.5","0.324","Fedak & Seeherman 1979 Nature 282:713; Taylor et al. 1982 J Exp Biol 97:1","Ostrich (Struthio camelus); adult female ~97 kg; running at 3 m/s = 10.8 km/h; VO2 ~12 mL O2/kg/min = 3.5 kcal/kg/hr; CoT = 0.325 kcal/kg/km; Fedak & Seeherman (1979 Nature 282:713-716) famously showed that ostriches and ponies of the same body mass use the same metabolic energy to run — bipedality vs quadrupedality makes NO difference to CoT at the same mass; the allometric equation for running (COT = 8.46 × M^-0.40 J/kg/m, Taylor et al. 1982) applies equally to bipeds and quadrupeds; ostrich CoT fits the mammalian quadruped line perfectly; faster running: ostriches can reach 70 km/h (max sprint) but field travel speeds are 3-5 m/s; they do not gallop — their fastest gait is aerial running; the Rubenson et al. (2004 Proc Biol Sci 271:1091-1099) paper showed that ostriches select gaits (walking → grounded running → aerial running) to minimise metabolic cost, similar to horses; net CoT ≈ 0.21 J/kg/m (calculated from Taylor et al. slope equation for a bird of this mass)","Fedak & Seeherman 1979 Nature 282:713-716","Ostrich","0","1"
"walker_runner","Spider monkey (brachiation)","Ateles sp.","1","7.5","3.6","4.23","1.174","Parsons & Taylor 1977 Physiol Zool 50:182","Spider monkey (Ateles sp.) brachiation; mass ~7.5 kg; brachiation speed ~1 m/s = 3.6 km/h; Parsons & Taylor (1977 Physiol Zool 50:182-188) measured O2 consumption of spider monkeys brachiating on rope mill and horizontal ladder mill vs walking on treadmill; KEY RESULT: brachiation is SIGNIFICANTLY MORE EXPENSIVE than walking at any given speed (~20-30% higher VO2) — debunks the naive pendulum efficiency argument; lorises moving inverted under a rope used the SAME energy as normal walking; the suspended pendulum (brachiation) is NOT cheaper than the inverted pendulum (walking); VALUES ARE ESTIMATED: walking CoT for 7.5 kg animal ≈ 0.90 kcal/kg/km (allometric eq); brachiation ≈ 30% higher = 1.17 kcal/kg/km; actual values from paper not directly available in accessible text; DUBIOUS because: (1) spider monkeys are not true brachiators (gibbons are — but gibbons have never had direct metabolic CoT measured during brachiation); (2) CoT values are estimated from allometric equation + 30% overhead, not directly from the Parsons & Taylor paper; ECOLOGICAL CAVEAT: despite higher energy per m, brachiation may reduce DISTANCE traveled in trees by allowing access to peripheral branches — so total daily energy budget may not be higher","Parsons & Taylor 1977 Physiol Zool 50:182-188","Spider monkey","1","0"
"walker_runner","Human (crawling)","Homo sapiens","1","70","1.5","6","4","Sparrow & Irizarry-Lopez 1987 Hum Mov Sci 6:307; Choi et al. 2024 Int J Sports Med","Adult human quadrupedal crawling (hands and knees); 70 kg; speed ~1.5 km/h (0.42 m/s, typical laboratory crawling pace); VO2 ~20 mL O2/kg/min gross; met rate ~6 kcal/kg/hr; CoT ~4.0 kcal/kg/km; Choi et al. 2024 (Int J Sports Med): 10 min quadrupedal walking at same speed as bipedal produced 254.48% increase in energy expenditure (increase of 4.15 kcal/min absolute); Sparrow & Irizarry-Lopez (1987 Hum Mov Sci 6:307-326) is the classic reference for adult crawling VO2; key result: crawling is ~4-5× more expensive per km than upright walking; mechanism: arms are not efficient weight-bearers (hip extensors carry large loads, arm muscles operate in mechanically disadvantaged posture); supports evolutionary hypothesis that upright bipedalism evolved largely to reduce locomotor energy costs; contrast with chimpanzee knuckle-walking: even chimpanzees use their hands/knuckles for weight-bearing locomotion and it costs them 4× more than human walking; speed is estimated as typical laboratory crawling speed (studies vary 0.4-1.0 m/s); exact CoT is speed-dependent","Sparrow & Irizarry-Lopez 1987; Choi et al. 2024","Adult crawling","1","1"
"walker_runner","Human (Groucho running)","Homo sapiens","1","70","10.5","17.1","1.629","McMahon et al. 1987 J Appl Physiol 62:2326","Human Groucho running (running with persistently flexed knees, named after Groucho Marx); 70 kg; same speed as normal running (10.5 km/h); VO2 increased by up to 50% compared to normal running at same speed; met rate ~17.1 kcal/kg/hr vs 11.4 kcal/kg/hr for normal running; CoT ~1.63 kcal/kg/km vs ~1.09 for normal running; McMahon TA, Valiant G, Frederick EC (1987 J Appl Physiol 62:2326-2337); mechanism: flexed-knee running reduces effective vertical stiffness of the body (spring-mass system), eliminating the normal elastic energy storage and return in tendons and muscles; also reduces transmission of mechanical shock from foot to skull by ~27-39%; the high metabolic cost demonstrates that the normal running spring mechanism (stiff leg, rapid foot contact, elastic storage in Achilles/plantar fascia) is essential for metabolic efficiency; ECOLOGICAL NOTE: Groucho running is used by primates and early hominins in crouched bipedal posture; the high cost supports the evolutionary pressure toward fully upright running; at same speed as normal running (10.5 km/h), Groucho running uses ~50% more energy per km","McMahon et al. 1987 J Appl Physiol 62:2326-2337","Groucho running","0","1"
"walker_runner","Human (skipping)","Homo sapiens","1","70","9","13.18","1.464","Minetti 1998 Proc Biol Sci 265:1227; McDonnell et al. 2019 Gait Posture 70:414","Human skipping; 70 kg; 9.0 km/h (2.5 m/s); VO2 ~43.9 mL O2/kg/min (approx 20-22% higher than running at same speed); met rate ~13.2 kcal/kg/hr; CoT ~1.46 kcal/kg/km; Minetti AE (1998 Proc Biol Sci 265:1227-1235); also McDonnell J et al. (2019 Gait Posture 70:414-419) ""Skipping has lower knee joint contact forces and higher metabolic cost compared to running""; Pequera G et al. (2022 Eur J Appl Physiol): ""Metabolic power in skipping and running increased with similar slope but different intercepts. This determined the different behavior of CoT: constant in running, DECREASING in skipping""; KEY RESULTS: (1) skipping is metabolically more expensive than running at most speeds, (2) skipping CoT decreases as speed increases (unlike running where CoT is nearly constant), so at very fast speeds they approach each other; (3) skipping uses BOTH inverted-pendulum (walking) and spring-mass (running) mechanisms simultaneously - it is a hybrid gait; (4) this hybrid mechanism links bipedal skipping to quadrupedal galloping biomechanically; ECOLOGICAL NOTE: humans do not normally use skipping for locomotion; it may be preferred gait in low-gravity environments (astronauts on Moon spontaneously skipped); children skipping at ~4-5 yrs old may do so for developmental/play reasons; the lower knee joint contact forces (McDonnell 2019) make it potentially useful for rehabilitation; value is estimated from relative comparison to running VO2","Minetti 1998 Proc Biol Sci 265:1227-1235","Skipping","0","1"
"walker_runner","Human (snowshoeing)","Homo sapiens","1","70","4.75","5.45","1.149","Connolly et al. 2002 J Strength Cond Res 16:606","Snowshoeing on flat packed snow; 70 kg adult; 2.95 mph = 4.75 km/h; VO2 = 18.18 ± 0.8 mL O2/kg/min (directly measured); met rate = 5.45 kcal/kg/hr; CoT = 1.149 kcal/kg/km; Connolly DAJ et al. (2002 J Strength Cond Res 16:606-610) ""The energy expenditure of snowshoeing in packed vs. unpacked snow at low-level walking speeds""; also Pandolf KB et al. (1977) and subsequent military terrain-coefficient work; KEY COMPARISON: at same speed (4.75 km/h), normal treadmill walking VO2 ~11-12 mL/kg/min, snowshoeing VO2 = 18.18 = ~1.6× more expensive; the paper notes ""equivalent to treadmill walking at 6 mph (9.7 km/h)"" - i.e., snowshoeing at 4.75 km/h feels like fast walking at 9.7 km/h; unpacked snow is even more expensive; energy cost varies significantly with: snow depth, sinkage, snowshoe design (rotating vs fixed toe cord), slope; modern aluminum snowshoes are lighter than traditional wooden ones, somewhat reducing the penalty; compare to XC skiing which is 2-3× faster at similar metabolic rate, making skiing substantially more efficient per km than snowshoeing","Connolly et al. 2002 J Strength Cond Res 16:606-610","Snowshoeing","0","1"
"walker_runner","Ghost crab","Ocypode quadrata","1","0.0105","1.8","5.8","3.222","Weinstein & Full 1992 Physiol Zool 65:1199; Full & Herreid 1983 Am J Physiol 244:R160","Ghost crab (Ocypode quadrata); mean mass ~10.5 g; running at 0.5 m/s = 1.8 km/h; minimum net cost of transport (Cmin) ~10 J/kg/m at 24°C from Weinstein & Full (1992 Physiol Zool 65:1199-1210); net met from locomotion = 10 × 0.5 = 5 W/kg = 4.30 kcal/kg/hr; standing rate for 10.5g ectotherm at 25°C ~1.5 kcal/kg/hr (from allometric for small crustaceans); gross met = 5.80 kcal/kg/hr; gross CoT = 3.22 kcal/kg/km; Full & Herreid (1983 Am J Physiol 244:R160-R166) measured maximum aerobic VO2 = 0.67 mL O2/g/hr during running; ghost crabs are remarkably aerobically capable for arthropods; Weinstein & Full (1992) showed Cmin decreases ~2/3 when Tb rises 24→30°C — on tropical beaches (natural Tb ~30°C) CoT is ~1.1 kcal/kg/km; CONTEXT: fastest land crabs; pure aerobic locomotion at moderate speeds (minimal anaerobic at ~0.5 m/s); representative crustacean entry; compare to cockroach (arthropod walker) at ~3-4 kcal/kg/km","Weinstein & Full 1992 Physiol Zool 65:1199-1210; Full & Herreid 1983 Am J Physiol 244:R160-R166","Ghost crab","0","1"
"walker_runner","Domestic cat","Felis catus","1","3.9","5.4","12.8","2.37","Taylor et al. 1982 J Exp Biol 97:1","Domestic cat (Felis catus); av. body mass 3.90 kg (2 individuals directly measured; Taylor et al. 1982 J Exp Biol 97:1-21); speed 5.4 km/h = 1.5 m/s (comfortable trot; Goslow et al. 1973 J Exp Biol 57:505 document trot onset at ~1.62 m/s for domestic cats); gross VO2 at 1.5 m/s calculated from Taylor 1982 allometric: Y-intercept = 0.287 × 3.90^(-0.303) = 0.190 mL O2/s/kg (11.4 mL/min/kg); slope = 0.534 × 3.90^(-0.316) = 0.347 mL O2/m/kg (net CoT = 1.67 kcal/kg/km); gross VO2 = 0.190 + 0.347×1.5 = 0.711 mL/s/kg = 42.7 mL/min/kg = 12.8 kcal/kg/hr; gross CoT = 2.37 kcal/kg/km; places domestic cat on general mammalian allometric line for terrestrial locomotion; endotherm with BMR ~2.4 kcal/kg/hr (Kleiber); as a small carnivore the cat has slightly elevated basal metabolism vs herbivores of similar mass; maximum sprint ~50 km/h; CONTEXT: cats are ambush predators with excellent burst capacity but moderate sustained-trot efficiency","Taylor et al. 1982 J Exp Biol 97:1-21","Domestic cat","0","1"
